service,layer_id,layer_name,geometry,wkid,feature_count,n_fields,join_candidates,extent_within_india,capabilities,error
parivesh2/Administrative_Boundaries,0,State,Polygon,3857,36,8,,,"Map,Query,Data",
parivesh2/Administrative_Boundaries,1,District,Polygon,3857,779,5,,,"Map,Query,Data",
parivesh2/Administrative_Boundaries,2,SubDistrict,Polygon,3857,6500,16,,,"Map,Query,Data",
parivesh2/Administrative_Boundaries,3,Village,Polygon,3857,588607,29,,,"Map,Query,Data",
parivesh2/Administrative_Boundaries,4,Gram Panchayat,Polygon,3857,320194,32,,,"Map,Query,Data",
parivesh2/Administrative_Boundaries,6,International boundary,Polygon,3857,1,7,,,"Map,Query,Data",
parivesh2/AdministrativeHeadQuarter,0,State Hq,Point,3857,35,7,,,"Map,Query,Data",
parivesh2/AdministrativeHeadQuarter,1,District_Hq,Point,3857,753,11,,,"Map,Query,Data",
parivesh2/AdministrativeHeadQuarter,2,SubDistrict_Hq,Point,3857,6254,10,,,"Map,Query,Data",
parivesh2/AdministrativeHeadQuarter,3,Block_Hq,Point,3857,6960,12,,,"Map,Query,Data",
parivesh2/AdministrativeHeadQuarter,4,Gram Panchayat Hq,Point,3857,225567,16,,,"Map,Query,Data",
parivesh2/AdministrativeHeadQuarter,5,Village Location,Point,3857,645828,20,,,"Map,Query,Data",
parivesh2/AdministrativeHeadQuarter,6,habitation,Point,3857,433493,7,,,"Map,Query,Data",
parivesh2/AdministrativeHeadQuarter,7,Town,Point,3857,4041,18,,,"Map,Query,Data",
parivesh2/Aravali,0,District Covering Aravali,Polygon,3857,42,5,,,"Map,Query,Data",
parivesh2/Aravali,1,Aravali Range 5km buffer,Polygon,3857,1,4,,,"Map,Query,Data",
parivesh2/Aravali,2,Aravali range,Polygon,3857,531,4,,,"Map,Query,Data",
parivesh2/Aravali,3,DSM 2011 13 Aravali_Range,Polygon,3857,950,5,,,"Map,Query,Data",
parivesh2/Aravali,4,DSM_2011_13_District_Covering_Aravali_Range,Polygon,3857,1922,5,,,"Map,Query,Data",
parivesh2/Canal,2,And_canal,Polyline,3857,22,5,,,"Map,Query,Data",
parivesh2/Canal,3,AP_CanalLine,Polyline,3857,5074,6,,,"Map,Query,Data",
parivesh2/Canal,4,Bih_canalLine,Polyline,3857,7209,3,,,"Map,Query,Data",
parivesh2/Canal,5,chh_canal_line,Polyline,3857,4978,6,,,"Map,Query,Data",
parivesh2/Canal,6,Dadra_CanalLine,Polyline,3857,20,6,,,"Map,Query,Data",
parivesh2/Canal,7,Daman_Canal,Polyline,3857,6,6,,,"Map,Query,Data",
parivesh2/Canal,8,Goa_Canal,Polyline,3857,60,7,,,"Map,Query,Data",
parivesh2/Canal,9,guj_canal,Polyline,3857,4246,3,,,"Map,Query,Data",
parivesh2/Canal,10,har_canal,Polyline,3857,3359,8,,,"Map,Query,Data",
parivesh2/Canal,11,HP_Canal,Polyline,3857,34,7,,,"Map,Query,Data",
parivesh2/Canal,12,Jha_Canal,Polyline,3857,370,7,,,"Map,Query,Data",
parivesh2/Canal,13,JK_Canal,Polyline,3857,350,5,,,"Map,Query,Data",
parivesh2/Canal,14,Ker_CanalLine,Polyline,3857,1777,5,,,"Map,Query,Data",
parivesh2/Canal,15,Kar_CanalLine,Polyline,3857,9927,5,,,"Map,Query,Data",
parivesh2/Canal,16,Mh_CanalLine,Polyline,3857,9785,6,,,"Map,Query,Data",
parivesh2/Canal,17,mani_canal_line,Polyline,3857,795,4,,,"Map,Query,Data",
parivesh2/Canal,18,megh_canal_line,Polyline,3857,362,7,,,"Map,Query,Data",
parivesh2/Canal,19,MP_CanalLine,Polyline,3857,6014,7,,,"Map,Query,Data",
parivesh2/Canal,20,Odisha_Canal,Polyline,3857,75,5,,,"Map,Query,Data",
parivesh2/Canal,21,pun_canal,Polyline,3857,4512,3,,,"Map,Query,Data",
parivesh2/Canal,22,Puducherry_Canal,Polyline,3857,236,7,,,"Map,Query,Data",
parivesh2/Canal,23,raj_canal,Polyline,3857,3775,3,,,"Map,Query,Data",
parivesh2/Canal,24,sik_canal_line,Polyline,3857,1,4,,,"Map,Query,Data",
parivesh2/Canal,25,TN_CanalLine,Polyline,3857,2153,7,,,"Map,Query,Data",
parivesh2/Canal,26,Tel_Canal,Polyline,3857,9762,5,,,"Map,Query,Data",
parivesh2/Canal,27,trip_canal_line,Polyline,3857,67,7,,,"Map,Query,Data",
parivesh2/Canal,28,up_canal_lLine,Polyline,3857,21126,6,,,"Map,Query,Data",
parivesh2/Canal,29,Ukhand_Canal,Polyline,3857,397,7,,,"Map,Query,Data",
parivesh2/Canal,30,WB_CanalLine,Polyline,3857,5740,7,,,"Map,Query,Data",
parivesh2/Canal,32,AP_Canal,Polygon,3857,671,7,,,"Map,Query,Data",
parivesh2/Canal,33,Bih_Canal,Polygon,3857,557,4,,,"Map,Query,Data",
parivesh2/Canal,34,chh_canal_poly,Polygon,3857,102,7,,,"Map,Query,Data",
parivesh2/Canal,35,Dadra_Canal_poly,Polygon,3857,5,7,,,"Map,Query,Data",
parivesh2/Canal,36,har_canal_poly,Polygon,3857,253,8,,,"Map,Query,Data",
parivesh2/Canal,37,HP_Canal_Poly,Polygon,3857,5,8,,,"Map,Query,Data",
parivesh2/Canal,38,Jha_Canal_Poly,Polygon,3857,213,8,,,"Map,Query,Data",
parivesh2/Canal,39,JK_Canal_poly,Polygon,3857,69,6,,,"Map,Query,Data",
parivesh2/Canal,40,Goa_Canal_Poly,Polygon,3857,9,8,,,"Map,Query,Data",
parivesh2/Canal,41,guj_canal_poly,Polygon,3857,1801,4,,,"Map,Query,Data",
parivesh2/Canal,42,Ker_Canal,Polygon,3857,276,6,,,"Map,Query,Data",
parivesh2/Canal,43,Kar_Canal_Poly,Polygon,3857,432,6,,,"Map,Query,Data",
parivesh2/Canal,44,Mh_Canal,Polygon,3857,1956,7,,,"Map,Query,Data",
parivesh2/Canal,45,mani_canal_poly,Polygon,3857,18,5,,,"Map,Query,Data",
parivesh2/Canal,46,MP_Canal_Poly,Polygon,3857,327,8,,,"Map,Query,Data",
parivesh2/Canal,47,pun_canal_poly,Polygon,3857,3930,4,,,"Map,Query,Data",
parivesh2/Canal,48,Puducherry_Canal_Poly,Polygon,3857,0,8,,,"Map,Query,Data",
parivesh2/Canal,49,raj_canal_poly,Polygon,3857,70,4,,,"Map,Query,Data",
parivesh2/Canal,50,sik_canal_poly,Polygon,3857,0,6,,,"Map,Query,Data",
parivesh2/Canal,51,TN_Canal,Polygon,3857,409,8,,,"Map,Query,Data",
parivesh2/Canal,52,Tel_Canal_Poly,Polygon,3857,908,6,,,"Map,Query,Data",
parivesh2/Canal,53,up_canal_poly,Polygon,3857,305,7,,,"Map,Query,Data",
parivesh2/Canal,54,Ukhand_Canal_Poly,Polygon,3857,42,8,,,"Map,Query,Data",
parivesh2/Canal,55,WB_Canal_Poly,Polygon,3857,324,8,,,"Map,Query,Data",
parivesh2/CPCB_Polluted,0,Critically Polluted,Polygon,4326,59,5,,True,"Query,Map,Data",
parivesh2/CPCB_Polluted,1,Severly Polluted,Polygon,4326,32,5,,True,"Query,Map,Data",
parivesh2/CRZ2019,17,T200m_CRZ_Line_CRZ_IIIB_NDZ_2019,Polyline,3857,737,4,,,"Map,Query,Data",
parivesh2/CRZ2019,16,T50m_CRZ_Line_CRZ_IIIA_NDZ_2019,Polyline,3857,233,4,,,"Map,Query,Data",
parivesh2/CRZ2019,0,HTL,Polyline,3857,5465,4,,,"Map,Query,Data",
parivesh2/CRZ2019,1,LTL,Polyline,3857,7220,4,,,"Map,Query,Data",
parivesh2/CRZ2019,8,CRZ_Boundary,Polyline,3857,5959,5,,,"Map,Query,Data",
parivesh2/CRZ2019,15,T200_to_500m_from_HTL_CRZ_IIIB,Polygon,3857,366,4,,,"Map,Query,Data",
parivesh2/CRZ2019,14,T50_50_500m_from_HTL_CRZ_IIIA,Polygon,3857,211,4,,,"Map,Query,Data",
parivesh2/CRZ2019,3,CRZ_IA,Polygon,3857,27991,4,,,"Map,Query,Data",
parivesh2/CRZ2019,4,CRZ_IB,Polygon,3857,10265,4,,,"Map,Query,Data",
parivesh2/CRZ2019,6,CRZ_II_1,Polygon,3857,2406,4,,,"Map,Query,Data",
parivesh2/CRZ2019,9,T50_to_500m_from_HTL_CRZ_IIIA,Polygon,3857,211,4,,,"Map,Query,Data",
parivesh2/CRZ2019,11,T50m_CRZ_Line_CRZ_IIIA_NDZ,Polyline,3857,233,4,,,"Map,Query,Data",
parivesh2/CRZ2019,12,T200_to_500m_from_HTL_CRZ_IIIB,Polygon,3857,366,4,,,"Map,Query,Data",
parivesh2/CRZ2019,13,T200m_CRZ_Line_CRZ_IIIB_NDZ,Polyline,3857,737,4,,,"Map,Query,Data",
parivesh2/CRZ2019,7,CRZ_IVA,Polygon,3857,838,5,,,"Map,Query,Data",
parivesh2/CRZ2019,5,CRZ_IVB,Polygon,3857,443,4,,,"Map,Query,Data",
parivesh2/CRZ2019,2,Hazard_Line,Polyline,3857,8288,5,,,"Map,Query,Data",
parivesh2/CRZ2019,10,NDZ,Polygon,3857,5157,4,,,"Map,Query,Data",
parivesh2/CRZ_Karnataka,0,HTL,Polyline,3857,480,4,,,"Map,Query,Data",
parivesh2/CRZ_Karnataka,1,LTL,Polyline,3857,565,4,,,"Map,Query,Data",
parivesh2/CRZ_Karnataka,8,CRZ_Boundary,Polyline,3857,240,4,,,"Map,Query,Data",
parivesh2/CRZ_Karnataka,3,CRZ_IA,Polygon,3857,449,5,,,"Map,Query,Data",
parivesh2/CRZ_Karnataka,4,CRZ_IB,Polygon,3857,2588,5,,,"Map,Query,Data",
parivesh2/CRZ_Karnataka,6,CRZ_II_1,Polygon,3857,151,5,,,"Map,Query,Data",
parivesh2/CRZ_Karnataka,13,CRZ_II_2,Polygon,3857,151,5,,,"Map,Query,Data",
parivesh2/CRZ_Karnataka,11,CRZ_IIIA,Polygon,3857,1,5,,,"Map,Query,Data",
parivesh2/CRZ_Karnataka,12,CRZ_IIIB,Polygon,3857,58,5,,,"Map,Query,Data",
parivesh2/CRZ_Karnataka,7,CRZ_IVA,Polygon,3857,1,6,,,"Map,Query,Data",
parivesh2/CRZ_Karnataka,5,CRZ_IVB,Polygon,3857,44,6,,,"Map,Query,Data",
parivesh2/CRZ_Karnataka,2,Hazard_Line,Polyline,3857,160,4,,,"Map,Query,Data",
parivesh2/CRZ_Karnataka,10,NDZ,Polygon,3857,733,5,,,"Map,Query,Data",
parivesh2/CRZ,0,HTL,Polyline,32643,10076,5,,,"Map,Query,Data",
parivesh2/CRZ,1,LTL,Polyline,32643,11027,5,,,"Map,Query,Data",
parivesh2/CRZ,2,CRZ_Boundary,Polyline,32643,8268,5,,,"Map,Query,Data",
parivesh2/CRZ,3,CRZ_I_A,Polygon,32643,55473,6,,,"Map,Query,Data",
parivesh2/CRZ,4,CRZ_I_B,Polygon,32643,25080,6,,,"Map,Query,Data",
parivesh2/CRZ,5,CRZ_II,Polygon,32643,3430,6,,,"Map,Query,Data",
parivesh2/CRZ,14,CRZ_100m_Line_in_CRZ_III_Area,Polyline,32643,1236,5,,,"Map,Query,Data",
parivesh2/CRZ,6,CRZ_IV_A,Polygon,32643,857,8,,,"Map,Query,Data",
parivesh2/CRZ,7,CRZ_IV_B,Polygon,32643,1799,7,,,"Map,Query,Data",
parivesh2/CRZ,8,CRZ_Poly,Polygon,32643,10169,6,,,"Map,Query,Data",
parivesh2/CRZ,9,Fishing_Wards,Polygon,32643,817,6,,,"Map,Query,Data",
parivesh2/CRZ,10,NDZ,Polygon,32643,10013,6,,,"Map,Query,Data",
parivesh2/CRZ,11,CRZ_200m_to_500m_from_HTL,Polygon,32643,959,6,,,"Map,Query,Data",
parivesh2/CRZ,12,Nautical_Miles_12_From_CRZ_IV_A,Polygon,32643,1,3,,,"Map,Query,Data",
parivesh2/CRZ,13,Nautical_Miles_12_From_HTL,Polygon,32643,6,4,,,"Map,Query,Data",
parivesh2/CRZ,15,CRZ_50m_Mangrove_Buffer_Zone_CRZ_IA,Polygon,32643,9651,7,,,"Map,Query,Data",
parivesh2/CRZ,16,Municipal_or_Urban_Area,Polygon,32643,97,7,,,"Map,Query,Data",
parivesh2/Drainage,1,Arun_Drainage,Polyline,3857,285394,7,,,"Map,Query,Data",
parivesh2/Drainage,2,Assam_Drainage,Polyline,3857,155957,8,,,"Map,Query,Data",
parivesh2/Drainage,3,Bi_Drainage,Polyline,3857,86279,9,,,"Map,Query,Data",
parivesh2/Drainage,4,Chh_Drainage,Polyline,3857,469152,7,,,"Map,Query,Data",
parivesh2/Drainage,5,Chandi_drainage,Polyline,3857,175,5,,,"Map,Query,Data",
parivesh2/Drainage,6,Dadra_drainage,Polyline,3857,3939,12,,,"Map,Query,Data",
parivesh2/Drainage,7,Daman_Drainage,Polyline,3857,183,12,,,"Map,Query,Data",
parivesh2/Drainage,8,Del_Drainage,Polyline,3857,834,11,,,"Map,Query,Data",
parivesh2/Drainage,9,Goa_Drainage,Polyline,3857,15458,10,,,"Map,Query,Data",
parivesh2/Drainage,10,Guj_Drainage,Polyline,3857,445282,12,,,"Map,Query,Data",
parivesh2/Drainage,11,har_Drainage_edited,Polyline,3857,15186,7,,,"Map,Query,Data",
parivesh2/Drainage,12,HP_Drainage_edited,Polyline,3857,279075,8,,,"Map,Query,Data",
parivesh2/Drainage,13,JK_Drainge_edited,Polyline,3857,645454,9,,,"Map,Query,Data",
parivesh2/Drainage,14,Kar_Drainage,Polyline,3857,554043,8,,,"Map,Query,Data",
parivesh2/Drainage,15,Ke_Drainage_edited,Polyline,3857,193518,8,,,"Map,Query,Data",
parivesh2/Drainage,16,Maha_Drainage_edited,Polyline,3857,1226329,8,,,"Map,Query,Data",
parivesh2/Drainage,17,Mani_Drainage_edited,Polyline,3857,142910,8,,,"Map,Query,Data",
parivesh2/Drainage,18,Megh_Drainage_edited,Polyline,3857,100159,7,,,"Map,Query,Data",
parivesh2/Drainage,19,Mizo_Drainage_edited,Polyline,3857,160453,8,,,"Map,Query,Data",
parivesh2/Drainage,20,MP_Drainage_edited,Polyline,3857,1090723,7,,,"Map,Query,Data",
parivesh2/Drainage,21,Naga_Drainage_edited,Polyline,3857,102093,8,,,"Map,Query,Data",
parivesh2/Drainage,22,ori_Drainage,Polyline,3857,491480,13,,,"Map,Query,Data",
parivesh2/Drainage,23,Pun_Drainage_edited,Polyline,3857,23736,8,,,"Map,Query,Data",
parivesh2/Drainage,24,Raj_Drainage_edited,Polyline,3857,416120,8,,,"Map,Query,Data",
parivesh2/Drainage,25,Sik_Drainage_edited,Polyline,3857,20466,8,,,"Map,Query,Data",
parivesh2/Drainage,26,Trip_Drainage_edited,Polyline,3857,56799,8,,,"Map,Query,Data",
parivesh2/Drainage,27,Jhar_Drainage_edited,Polyline,3857,294365,7,,,"Map,Query,Data",
parivesh2/Drainage,28,Ukhand_Drainage_edited,Polyline,3857,301247,9,,,"Map,Query,Data",
parivesh2/Drainage,29,UP_Drainage,Polyline,3857,URLError: [WinError 10054] An existing connection was forcibly closed by the remote host,8,,,"Map,Query,Data",
parivesh2/Drainage,30,WB_Drainage_edited,Polyline,3857,65524,8,,,"Map,Query,Data",
parivesh2/Drainage,31,AP_Drainage,Polyline,3857,918932,6,,,"Map,Query,Data",
parivesh2/Drainage,32,TN_drainage_edited,Polyline,3857,315465,6,,,"Map,Query,Data",
parivesh2/Environment,1,Environment Clearance  Granted,Point,4326,862,18,proposal_n|fileno,False,"Map,Query,Data",
parivesh2/Environment,2,Forset Clearance,Polygon,4326,713,36,proposal_n|file_no|proposal_1,True,"Map,Query,Data",
parivesh2/Environment,4,Port,Polygon,4326,42,5,,True,"Map,Query,Data",
parivesh2/Environment,5,Thermal Power Plant (Installed Capacity),Point,4326,810,25,,True,"Map,Query,Data",
parivesh2/Environment,6,ESZ_Maps,Polygon,4326,729,10,,False,"Map,Query,Data",
parivesh2/Environment,7,ESZ buffer(10 Km.),Polygon,4326,158,44,,True,"Map,Query,Data",
parivesh2/Environment,15,spcb_caaqms_stations,Point,4326,402,10,,True,"Map,Query,Data",
parivesh2/Environment,14,namp_data,Point,4326,658,10,,True,"Map,Query,Data",
parivesh2/Environment,13,Master_KML,Point,4326,4342,7,,False,"Map,Query,Data",
parivesh2/Environment,12,industrial_caaqms_stations,Point,4326,122,11,,True,"Map,Query,Data",
parivesh2/Environment,9,Ganga_stations_SCAN_full_NWMP_RTWQM,Point,4326,35,6,,True,"Map,Query,Data",
parivesh2/Environment,10,Ganga_stations_SCAN_full_point_C,Point,4326,35,3,,True,"Map,Query,Data",
parivesh2/Environment,11,gps_coordinates_contaminated_sites,Point,4326,297,11,,False,"Map,Query,Data",
parivesh2/Environment,16,Taz_Trapezium_Zone_polygon,Polygon,4326,1,6,,True,"Map,Query,Data",
parivesh2/Environment,19,NWMP,Point,4326,4236,16,,False,"Map,Query,Data",
parivesh2/Environment,18,CAAQM,Point,4326,277,10,,True,"Map,Query,Data",
parivesh2/Environment,22,CPCB_2023,Point,4326,390,22,,True,"Map,Query,Data",
parivesh2/Environment,20,tiger_reserve,Polygon,4326,371,5,,True,"Map,Query,Data",
parivesh2/Environment,21,Wildlife Corridor,Polygon,4326,1697,7,,True,"Map,Query,Data",
parivesh2/Environment,24,Eco Sensitive Zone Buffer,Polygon,4326,168,42,,False,"Map,Query,Data",
parivesh2/Environment,25,Forest(RF/PF),Polygon,4326,73471,5,,True,"Map,Query,Data",
parivesh2/ESA,0,Eco-Sensitive Area,Polygon,4326,4207,9,,True,"Map,Query,Data",
parivesh2/ESZ,0,ESZ Gazette Notification,Polygon,3857,359,8,,,"Map,Query,Data",
parivesh2/ESZ,1,ESZ Gazette Notification Draft,Polygon,3857,9,8,,,"Map,Query,Data",
parivesh2/ForestAdministrativeBoundary,0,Beat,Polygon,3857,24045,16,,,"Map,Query,Data",
parivesh2/ForestAdministrativeBoundary,1,Section,Polygon,3857,3458,6,,,"Map,Query,Data",
parivesh2/ForestAdministrativeBoundary,2,Range,Polygon,3857,3170,12,,,"Map,Query,Data",
parivesh2/ForestAdministrativeBoundary,6,Rajasthan_Ratanmal_Block,Polygon,3857,3,10,,,"Map,Query,Data",
parivesh2/ForestAdministrativeBoundary,3,Block,Polygon,3857,1268,14,,,"Map,Query,Data",
parivesh2/ForestAdministrativeBoundary,4,Division,Polygon,3857,794,10,,,"Map,Query,Data",
parivesh2/ForestAdministrativeBoundary,5,Circle,Polygon,3857,167,7,,,"Map,Query,Data",
parivesh2/ForestCover2021,0,India,Polygon,3857,5524370,7,,,"Query,Map,Data",
parivesh2/ForestData2023,0,FCM_2023,Polygon,4326,4844865,10,,True,"Query,Map,Data",
parivesh2/ForestData2023,1,br_intersect,Polygon,4326,6958805,13,,True,"Query,Map,Data",
parivesh2/ForestData2023,2,Grid_India,Polygon,4326,3967997,4,,True,"Query,Map,Data",
parivesh2/ForestData2023,3,LandscapeIntegrityDatafinal,Point,4326,3967997,3,,True,"Query,Map,Data",
parivesh2/ForestData2023,4,FTM_2023,Polygon,4326,4455795,14,,True,"Query,Map,Data",
parivesh2/ForestData,2,FCM_Layer,Polygon,4326,22979,9,,True,"Map,Query,Data",
parivesh2/ForestData,0,br_intersect,Polygon,4326,6958805,13,,True,"Map,Query,Data",
parivesh2/ForestData,1,ForestTypeGcs,Polygon,4326,7434044,10,,True,"Map,Query,Data",
parivesh2/ForestData,3,Grid_India,Polygon,4326,3967997,4,,True,"Map,Query,Data",
parivesh2/ForestData,4,LandscapeIntegrityDatafinal,Point,4326,3967997,3,,True,"Map,Query,Data",
parivesh2/Forest,0,Recorded Forest Area,Polygon,3857,389096,11,,,"Map,Query,Data",
parivesh2/FTM,0,FTM,Polygon,3857,3323271,7,,,"Map,Query,Data",
parivesh2/GramPanchayat,0,Gram Panchayat,Polygon,3857,252920,14,,,"Map,Query,Data",
parivesh2/Grid50k_osm,0,Grid50k_osm,Polygon,3857,5094,8,,,"Map,Query,Data",
parivesh2/Grid50k_osm,1,Grid50KwithVillage,Polygon,3857,697771,27,,,"Map,Query,Data",
parivesh2/HaryanaMPRajasthanRFA,1,Rajasthan_Bassi_Wildlife_Sanctuary,Polygon,3857,1,16,,,"Map,Query,Data",
parivesh2/HaryanaMPRajasthanRFA,2,Rajasthan_Sariska_Tiger_Reserve,Polygon,3857,1,16,,,"Map,Query,Data",
parivesh2/HaryanaMPRajasthanRFA,3,Rajasthan_Jamwa_Ramgarh_Sanctuary,Polygon,3857,1,16,,,"Map,Query,Data",
parivesh2/HaryanaMPRajasthanRFA,4,Rajasthan_Ramgarh_Vishdhari_sanctuary,Polygon,3857,1,16,,,"Map,Query,Data",
parivesh2/HaryanaMPRajasthanRFA,5,Rajasthan_JAIPUR_DIVISION,Polygon,3857,40,16,,,"Map,Query,Data",
parivesh2/HaryanaMPRajasthanRFA,6,Rajasthan_Sitamata_Wildlife_Sanctuary,Polygon,3857,1,16,,,"Map,Query,Data",
parivesh2/HaryanaMPRajasthanRFA,7,Rajasthan_SIKAR_DIVISION,Polygon,3857,100,16,,,"Map,Query,Data",
parivesh2/HaryanaMPRajasthanRFA,8,Rajasthan_SRI_GANGANAGAR_DIVISION,Polygon,3857,414,16,,,"Map,Query,Data",
parivesh2/HaryanaMPRajasthanRFA,9,Rajasthan_DAUSA_DIVISION,Polygon,3857,48,16,,,"Map,Query,Data",
parivesh2/HaryanaMPRajasthanRFA,10,Rajasthan_CHITTORGARH_DIVISION,Polygon,3857,155,16,,,"Map,Query,Data",
parivesh2/HaryanaMPRajasthanRFA,11,Rajasthan_JALORE_DIVISION,Polygon,3857,99,16,,,"Map,Query,Data",
parivesh2/HaryanaMPRajasthanRFA,12,Rajasthan_BUNDI_DIVISION,Polygon,3857,117,16,,,"Map,Query,Data",
parivesh2/HaryanaMPRajasthanRFA,13,Rajasthan_PRATAPGARH_DIVISION,Polygon,3857,127,16,,,"Map,Query,Data",
parivesh2/HaryanaMPRajasthanRFA,14,Rajasthan_AJMER_DIVISION,Polygon,3857,190,16,,,"Map,Query,Data",
parivesh2/HaryanaMPRajasthanRFA,15,Rajasthan_Talchhapar_Sanctuary,Polygon,3857,1,16,,,"Map,Query,Data",
parivesh2/HaryanaMPRajasthanRFA,16,Rajasthan_JHALAWAR_DIVISION,Polygon,3857,278,16,,,"Map,Query,Data",
parivesh2/HaryanaMPRajasthanRFA,17,Rajasthan_UDAIPUR_DIVISION,Polygon,3857,198,16,,,"Map,Query,Data",
parivesh2/HaryanaMPRajasthanRFA,18,Rajasthan_Shergarh_Sanctuary,Polygon,3857,1,16,,,"Map,Query,Data",
parivesh2/HaryanaMPRajasthanRFA,19,Rajasthan_BHILWARA_DIVISION,Polygon,3857,339,16,,,"Map,Query,Data",
parivesh2/HaryanaMPRajasthanRFA,20,Rajasthan_Ranthambore_Tiger_Reserve,Polygon,3857,1,16,,,"Map,Query,Data",
parivesh2/HaryanaMPRajasthanRFA,21,Rajasthan_UDAIPUR_NORTH_DIVISION,Polygon,3857,162,16,,,"Map,Query,Data",
parivesh2/HaryanaMPRajasthanRFA,22,Rajasthan_TONK_DIVISION,Polygon,3857,45,16,,,"Map,Query,Data",
parivesh2/HaryanaMPRajasthanRFA,23,Rajasthan_HANUMANGARH_DIVISION,Polygon,3857,201,16,,,"Map,Query,Data",
parivesh2/HaryanaMPRajasthanRFA,24,Rajasthan_SAWAI_MADHOPUR_DIVISION,Polygon,3857,33,16,,,"Map,Query,Data",
parivesh2/HaryanaMPRajasthanRFA,25,Rajasthan_BARAN_DIVISION,Polygon,3857,196,16,,,"Map,Query,Data",
parivesh2/HaryanaMPRajasthanRFA,26,Rajasthan_Mount_Abu_Wildlife_Sanctuary,Polygon,3857,1,16,,,"Map,Query,Data",
parivesh2/HaryanaMPRajasthanRFA,27,Rajasthan_JHUNJHUNU_DIVISION,Polygon,3857,39,16,,,"Map,Query,Data",
parivesh2/HaryanaMPRajasthanRFA,28,Rajasthan_DUNGARPUR_DIVISION,Polygon,3857,90,16,,,"Map,Query,Data",
parivesh2/HaryanaMPRajasthanRFA,29,Rajasthan_AJMER_DIVISION_1,Polygon,3857,190,16,,,"Map,Query,Data",
parivesh2/HaryanaMPRajasthanRFA,30,Rajasthan_JAIPUR_NORTH_DIVISION,Polygon,3857,54,16,,,"Map,Query,Data",
parivesh2/HaryanaMPRajasthanRFA,31,Rajasthan_CHURU_DIVISION,Polygon,3857,48,16,,,"Map,Query,Data",
parivesh2/HaryanaMPRajasthanRFA,32,Rajasthan_Bhensrodgarh_Wildlife_Sanctuary,Polygon,3857,1,16,,,"Map,Query,Data",
parivesh2/HaryanaMPRajasthanRFA,33,Rajasthan_CHATTERGARH_IGNP_STAGE_1_DIVISION,Polygon,3857,0,16,,,"Map,Query,Data",
parivesh2/HaryanaMPRajasthanRFA,34,Rajasthan_KOTA_DIVISION,Polygon,3857,149,16,,,"Map,Query,Data",
parivesh2/HaryanaMPRajasthanRFA,35,Rajasthan_BIKANER_DIVISION,Polygon,3857,58,16,,,"Map,Query,Data",
parivesh2/HaryanaMPRajasthanRFA,36,Rajasthan_NAGAUR_DIVISION,Polygon,3857,78,16,,,"Map,Query,Data",
parivesh2/HaryanaMPRajasthanRFA,37,Rajasthan_Bhensrodgarh_Wildlife_Sanctuary,Polygon,3857,1,16,,,"Map,Query,Data",
parivesh2/HaryanaMPRajasthanRFA,38,Rajasthan_CHATTERGARH_IGNP_STAGE_1_DIVISION,Polygon,3857,0,16,,,"Map,Query,Data",
parivesh2/HaryanaMPRajasthanRFA,39,Rajasthan_KOTA_DIVISION,Polygon,3857,149,16,,,"Map,Query,Data",
parivesh2/HaryanaMPRajasthanRFA,40,Rajasthan_BIKANER_DIVISION,Polygon,3857,58,16,,,"Map,Query,Data",
parivesh2/HaryanaMPRajasthanRFA,41,Rajasthan_NAGAUR_DIVISION,Polygon,3857,78,16,,,"Map,Query,Data",
parivesh2/HaryanaMPRajasthanRFA,42,Rajasthan_BANSWARA_DIVISION,Polygon,3857,189,16,,,"Map,Query,Data",
parivesh2/HaryanaMPRajasthanRFA,43,MP_RFA,Polygon,3857,39626,14,,,"Map,Query,Data",
parivesh2/HaryanaMPRajasthanRFA,44,Haryana_RFA,Polygon,3857,429,14,,,"Map,Query,Data",
parivesh2/HydroLyer_Demo,2,river_Project,Polygon,3857,51450,6,,,"Map,Query,Data",
parivesh2/HydroLyer_Demo,0,River,Polygon,3857,51450,6,,,"Map,Query,Data",
parivesh2/HydroLyer_Demo,1,FSI,Polygon,3857,5524370,7,,,"Map,Query,Data",
parivesh2/JalShakti,0,SurfaceWaterQualityStation,Point,4326,4477,9,,True,"Map,Query,Data",
parivesh2/JalShakti,1,RiverMonitoringStation,Point,4326,5163,10,,True,"Map,Query,Data",
parivesh2/JalShakti,2,ReservoirStations,Point,4326,463,9,,True,"Map,Query,Data",
parivesh2/JalShakti,3,GroundWaterQualityStation,Point,4326,34386,8,,True,"Map,Query,Data",
parivesh2/JalShakti,4,GroundWaterLevelStation,Point,4326,82377,8,,True,"Map,Query,Data",
parivesh2/KML_Edit,0,EC_Proposals,Polygon,4326,53696,28,proposal_no|proposal_name|caf_no|proposal_status|sw_no,False,"Map,Query,Data",
parivesh2/KML_Edit,1,FC_Proposals,Polygon,4326,10202,32,proposal_status_1|proposal_status_2|proposal_no|proposal_name|caf_no|proposal_status|sw_no,False,"Map,Query,Data",
parivesh2/KML_Edit,2,WL_Proposals,Polygon,4326,607,23,proposal_no|proposal_status|proposal_name|caf_no|sw_no,True,"Map,Query,Data",
parivesh2/KML_Edit,3,CRZ_Proposals,Polygon,4326,427,28,proposal_no|proposal_name|caf_no|proposal_status|sw_no,False,"Map,Query,Data",
parivesh2/Landscape,0,Landscape,Point,3395,3208293,4,,,"Map,Query,Data",
parivesh2/Monuments,0,ASI Monuments,Point,3857,168,3,,,"Map,Query,Data",
parivesh2/parivesh1,0,EC4SHP,Polygon,4326,8149,16,proposal_i|proposal_n,False,"Map,Query,Data",
parivesh2/parivesh1,1,FC_FORM_A_B,Polygon,4326,300692,11,proposal_n|proposal_1|file_no|proposal_s,False,"Map,Query,Data",
parivesh2/parivesh1,2,FCFormC,Polygon,4326,13726,7,proposal_n,False,"Map,Query,Data",
parivesh2/parivesh1,5,WildLife,Polygon,4326,58048,16,proposal_n|proposal_1|proposal_s,False,"Map,Query,Data",
parivesh2/parivesh1,4,Compensatory Afforestation land Non Forest,Polygon,4326,3324,15,proposal_n|proposal_1|file_no|proposal_s,False,"Map,Query,Data",
parivesh2/parivesh1,3,Compensatory Afforestation land Mutation,Polygon,4326,4357,18,proposal_n|proposal_1|file_no|proposal_s,True,"Map,Query,Data",
parivesh2/Parivesh_Proposals,0,EC_Proposals,Polygon,4326,53696,7,proposal_no|proposal_name|proposal_status,False,"Map,Query,Data",
parivesh2/Parivesh_Proposals,1,FC_Proposals,Polygon,4326,10202,9,proposal_status_1|proposal_status_2|proposal_no|proposal_name|proposal_status,False,"Map,Query,Data",
parivesh2/Parivesh_Proposals,2,WL_Proposals,Polygon,4326,607,7,proposal_no|proposal_status|proposal_name,True,"Map,Query,Data",
parivesh2/Parivesh_Proposals,3,CRZ_Proposals,Polygon,4326,427,7,proposal_no|proposal_name|proposal_status,False,"Map,Query,Data",
parivesh2/Parivesh_Proposals,4,Forest Land Bank,Polygon,4326,2521,23,proposal_no|proposal_status|proposal_name|caf_no|sw_no,True,"Map,Query,Data",
parivesh2/Protected_Area,0,PA WII,Polygon,3857,956,10,,,"Query,Map,Data",
parivesh2/Protected_Area,2,National Park,Polygon,3857,106,10,,,"Query,Map,Data",
parivesh2/Protected_Area,3,Wildlife Sanctuary,Polygon,3857,559,10,,,"Query,Map,Data",
parivesh2/Protected_Area,4,Community Reserve,Polygon,3857,241,11,,,"Query,Map,Data",
parivesh2/Protected_Area,5,Conservation Reserve,Polygon,3857,50,10,,,"Query,Map,Data",
parivesh2/Protected_Area,1,PA Gazette Notification,Polygon,3857,956,10,,,"Query,Map,Data",
parivesh2/RailRoad,0,Railway Station,Point,3857,5929,5,,,"Map,Query,Data",
parivesh2/RailRoad,9,Rail,Polyline,3857,0,9,,,"Map,Query,Data",
parivesh2/RailRoad,1,Natioanl Highway,Polyline,3857,8636,7,,,"Map,Query,Data",
parivesh2/RailRoad,2,State Highway,Polyline,3857,26869,4,,,"Map,Query,Data",
parivesh2/RailRoad,3,District Road,Polyline,3857,153320,12,,,"Map,Query,Data",
parivesh2/RailRoad,4,Railway Line,Polyline,3857,18600,8,,,"Map,Query,Data",
parivesh2/River,0,Waterbody,Polygon,3857,282,12,,,"Map,Query,Data",
parivesh2/River,1,Major Rivers,Polygon,3857,63,6,,,"Map,Query,Data",
parivesh2/River,2,River,Polygon,3857,51450,6,,,"Map,Query,Data",
parivesh2/Settlement,1,Andaman,Polygon,3857,29518,6,,,"Map,Query,Data",
parivesh2/Settlement,2,Andhra Pradesh,Polygon,3857,781401,8,,,"Map,Query,Data",
parivesh2/Settlement,3,Arunachal Pradesh,Polygon,3857,21481,8,,,"Map,Query,Data",
parivesh2/Settlement,4,Bihar,Polygon,3857,880570,4,,,"Map,Query,Data",
parivesh2/Settlement,5,Chandigarh,Polygon,3857,3555,7,,,"Map,Query,Data",
parivesh2/Settlement,6,Chhatishgarh,Polygon,3857,390624,9,,,"Map,Query,Data",
parivesh2/Settlement,7,Dadra,Polygon,3857,15756,9,,,"Map,Query,Data",
parivesh2/Settlement,8,Daman,Polygon,3857,4245,8,,,"Map,Query,Data",
parivesh2/Settlement,9,Goa,Polygon,3857,39076,8,,,"Map,Query,Data",
parivesh2/Settlement,10,Gujarat,Polygon,3857,280653,4,,,"Map,Query,Data",
parivesh2/Settlement,11,Haryana,Polygon,3857,389011,8,,,"Map,Query,Data",
parivesh2/Settlement,12,Himachal Pradesh,Polygon,3857,297221,8,,,"Map,Query,Data",
parivesh2/Settlement,13,Jharkhand,Polygon,3857,356149,8,,,"Map,Query,Data",
parivesh2/Settlement,14,Jammu & Kashmir,Polygon,3857,617605,7,,,"Map,Query,Data",
parivesh2/Settlement,15,karnataka,Polygon,3857,1263970,7,,,"Map,Query,Data",
parivesh2/Settlement,16,Kerala,Polygon,3857,1792922,7,,,"Map,Query,Data",
parivesh2/Settlement,17,Lakshwadeep,Polygon,3857,2351,8,,,"Map,Query,Data",
parivesh2/Settlement,18,Maharashtra,Polygon,3857,906038,8,,,"Map,Query,Data",
parivesh2/Settlement,19,Manipur,Polygon,3857,145109,5,,,"Map,Query,Data",
parivesh2/Settlement,20,Meghalaya,Polygon,3857,107690,8,,,"Map,Query,Data",
parivesh2/Settlement,21,Mizoram,Polygon,3857,6093,8,,,"Map,Query,Data",
parivesh2/Settlement,22,Madhya Prasdesh,Polygon,3857,2188886,9,,,"Map,Query,Data",
parivesh2/Settlement,23,Punjab,Polygon,3857,264520,4,,,"Map,Query,Data",
parivesh2/Settlement,24,Rajastha,Polygon,3857,1241782,4,,,"Map,Query,Data",
parivesh2/Settlement,25,Sikkim,Polygon,3857,67892,5,,,"Map,Query,Data",
parivesh2/Settlement,26,Tamil Nadu,Polygon,3857,1265087,8,,,"Map,Query,Data",
parivesh2/Settlement,27,Telengana,Polygon,3857,463950,7,,,"Map,Query,Data",
parivesh2/Settlement,28,Tripura,Polygon,3857,120443,8,,,"Map,Query,Data",
parivesh2/Settlement,29,Utter Pradesh,Polygon,3857,777674,9,,,"Map,Query,Data",
parivesh2/Settlement,30,Uttara Khand,Polygon,3857,344574,8,,,"Map,Query,Data",
parivesh2/Settlement,31,West Bengal,Polygon,3857,929067,8,,,"Map,Query,Data",
parivesh2/SubDistrictGrid,0,SubDistrictGrid,Polygon,3857,25510,20,,,"Map,Query,Data",
parivesh2/TigerCorridor,0,TigerCorridor,Polygon,3857,124,3,,,"Map,Query,Data",
parivesh2/Village_Point_Grid,0,Village Point Grid,Point,3857,45990,25,,,"Map,Query,Data",
parivesh2/WARIS,1,Meteorological Sub Divisions,Polygon,3857,36,22,,,"Map,Query,Data",
parivesh2/WARIS,3,Tribal Sub plan area 1983(Pockets of Tribal Concentration),Point,3857,236,2,,,"Map,Query,Data",
parivesh2/WARIS,4,Tribal Sub Plan Area MoRD 2002 (District Wise),Polygon,3857,666,13,,,"Map,Query,Data",
parivesh2/WARIS,5,Predominantly Tribal Areas- 1983,Polygon,3857,152,5,,,"Map,Query,Data",
parivesh2/WARIS,7,Nascent,Point,3857,382,7,,,"Map,Query,Data",
parivesh2/WARIS,8,Earthquakes - USGS (1594-1984),Point,3857,617,15,,,"Map,Query,Data",
parivesh2/WARIS,9,Earthquakes - IMD (1819-2011),Point,3857,24,16,,,"Map,Query,Data",
parivesh2/WARIS,10,Seismic Zones,Polygon,3857,173,5,,,"Map,Query,Data",
parivesh2/WARIS,12,CensusVillage_2011,Point,3857,639224,61,,,"Map,Query,Data",
parivesh2/WARIS,13,Agro Sub Region Ecology,Polygon,3857,60,12,,,"Map,Query,Data",
parivesh2/WARIS,14,Agro Ecology Regions,Polygon,3857,20,6,,,"Map,Query,Data",
parivesh2/WARIS,16,River Points (Level & Discharge) ,Point,3857,5308,39,,,"Map,Query,Data",
parivesh2/WARIS,17,Rainfall sensor /station,Point,3857,10392,30,,,"Map,Query,Data",
parivesh2/WARIS,19,Litholog well location,Point,3857,8177,31,,,"Map,Query,Data",
parivesh2/WARIS,20,Major_Aquifers,Polygon,3857,518,20,,,"Map,Query,Data",
parivesh2/WARIS,22,Hamlet Location,Point,3857,223232,10,,,"Map,Query,Data",
parivesh2/WARIS,24,Airport 2020,Point,3857,151,6,,,"Map,Query,Data",
parivesh2/WARIS,26,Wildlife Sanctuaries,Point,3857,292,24,,,"Map,Query,Data",
parivesh2/WARIS,27,WaterTourism,Point,3857,1172,20,,,"Map,Query,Data",
parivesh2/WARIS,29,River Name Sept,Polyline,3857,25415,7,,,"Map,Query,Data",
parivesh2/WARIS,30,MAJORRIVER,Polyline,3857,208,3,,,"Map,Query,Data",
parivesh2/WARIS,32,RIVER Sept,Polygon,3857,43247,7,,,"Map,Query,Data",
parivesh2/WARIS,33,Reservoir Remote Sensing Survey,Polygon,3857,168,19,,,"Map,Query,Data",
parivesh2/WARIS,34,Reservoir Hydrographic Survey,Polygon,3857,272,19,,,"Map,Query,Data",
parivesh2/WARIS,35,BASIN CWC,Polygon,3857,25,15,,,"Map,Query,Data",
parivesh2/WARIS,37,Power House,Point,3857,303,5,,,"Map,Query,Data",
parivesh2/WARIS,38,LIFT,Point,3857,870,17,,,"Map,Query,Data",
parivesh2/WARIS,39,DAM,Point,3857,5608,46,,,"Map,Query,Data",
parivesh2/WARIS,40,Barrage /Weir/Annicut,Point,3857,1098,59,,,"Map,Query,Data",
parivesh2/WARIS,41,Structure Line,Polyline,3857,5464,7,,,"Map,Query,Data",
parivesh2/WARIS,42,CANAL,Polyline,3857,80123,19,,,"Map,Query,Data",
parivesh2/WARIS,43,Command areas- Major & Medium,Polygon,3857,2501,28,,,"Map,Query,Data",
parivesh2/WaterBody,1,And_Waterbody,Polygon,3857,2168,5,,,"Map,Query,Data",
parivesh2/WaterBody,2,AP_Waterbody,Polygon,3857,55002,7,,,"Map,Query,Data",
parivesh2/WaterBody,3,arun_waterbody,Polygon,3857,1618,7,,,"Map,Query,Data",
parivesh2/WaterBody,4,Bih_Waterbody,Polygon,3857,110421,5,,,"Map,Query,Data",
parivesh2/WaterBody,5,Chandi_Waterbody,Polygon,3857,37,6,,,"Map,Query,Data",
parivesh2/WaterBody,6,chh_waterbody,Polygon,3857,90289,7,,,"Map,Query,Data",
parivesh2/WaterBody,7,Dadra_WaterBody,Polygon,3857,69,7,,,"Map,Query,Data",
parivesh2/WaterBody,8,Daman_Waterbody,Polygon,3857,78,7,,,"Map,Query,Data",
parivesh2/WaterBody,9,Goa_Waterbody,Polygon,3857,1685,9,,,"Map,Query,Data",
parivesh2/WaterBody,10,guj_wb,Polygon,3857,40802,4,,,"Map,Query,Data",
parivesh2/WaterBody,11,har_waterbody,Polygon,3857,24011,7,,,"Map,Query,Data",
parivesh2/WaterBody,12,HP_Waterbody,Polygon,3857,1465,8,,,"Map,Query,Data",
parivesh2/WaterBody,13,Jha_Waterbody,Polygon,3857,109406,8,,,"Map,Query,Data",
parivesh2/WaterBody,14,JK_Waterbody,Polygon,3857,2914,6,,,"Map,Query,Data",
parivesh2/WaterBody,15,Laksh_WaterBody,Polygon,3857,4,7,,,"Map,Query,Data",
parivesh2/WaterBody,16,Kar_Waterbody,Polygon,3857,63207,6,,,"Map,Query,Data",
parivesh2/WaterBody,17,Ker_WaterBody,Polygon,3857,15424,6,,,"Map,Query,Data",
parivesh2/WaterBody,18,Mh_Waterbody,Polygon,3857,63976,7,,,"Map,Query,Data",
parivesh2/WaterBody,19,mani_waterbody,Polygon,3857,6294,5,,,"Map,Query,Data",
parivesh2/WaterBody,20,megh_waterbody,Polygon,3857,10564,8,,,"Map,Query,Data",
parivesh2/WaterBody,21,mizo_waterbody,Polygon,3857,1131,7,,,"Map,Query,Data",
parivesh2/WaterBody,22,MP_Waterbody,Polygon,3857,94184,8,,,"Map,Query,Data",
parivesh2/WaterBody,23,Odisha_Waterbody,Polygon,3857,7664,10,,,"Map,Query,Data",
parivesh2/WaterBody,24,pun_wb,Polygon,3857,19632,4,,,"Map,Query,Data",
parivesh2/WaterBody,25,Puducherry_Waterbody,Polygon,3857,1565,8,,,"Map,Query,Data",
parivesh2/WaterBody,26,raj_waterbody,Polygon,3857,21190,4,,,"Map,Query,Data",
parivesh2/WaterBody,27,sik_waterbody,Polygon,3857,371,5,,,"Map,Query,Data",
parivesh2/WaterBody,28,TN_Waterbody,Polygon,3857,72883,8,,,"Map,Query,Data",
parivesh2/WaterBody,29,Tel_Waterbody,Polygon,3857,47506,6,,,"Map,Query,Data",
parivesh2/WaterBody,30,trip_waterbody,Polygon,3857,70617,8,,,"Map,Query,Data",
parivesh2/WaterBody,31,up_waterbody,Polygon,3857,302536,7,,,"Map,Query,Data",
parivesh2/WaterBody,32,Ukhand_Waterbody,Polygon,3857,1584,8,,,"Map,Query,Data",
parivesh2/WaterBody,33,WB_Waterbody,Polygon,3857,720976,8,,,"Map,Query,Data",
parivesh2/Watershed,6,West Bengal,Polygon,3857,9941,14,,,"Map,Query,Data",
parivesh2/Watershed,1,Region,Polygon,3857,8,9,,,"Map,Query,Data",
parivesh2/Watershed,2,Basin,Polygon,3857,36,11,,,"Map,Query,Data",
parivesh2/Watershed,3,Catchment,Polygon,3857,116,13,,,"Map,Query,Data",
parivesh2/Watershed,4,Sub Catchment,Polygon,3857,504,15,,,"Map,Query,Data",
parivesh2/Watershed,5,Watershed,Polygon,3857,3760,17,,,"Map,Query,Data",
parivesh2/WetLand2017,0,Wetbnd_polygon2017,Polygon,3857,232203,13,,,"Query,Map,Data",
parivesh2/WetLand,0,80_Wetlands,Polygon,3857,95,13,,,"Map,Query,Data",
parivesh2/WetLand,1,wetbnd_polygon,Polygon,3857,207483,18,,,"Map,Query,Data",
parivesh2/Zoo,1,bharatmaps.sde.healthgpvalid29thJuly2022MoPR,Point,3857,227430,15,,,"Map,Query,Data",
parivesh2/Zoo,0,Zoo,Point,3857,147,10,,,"Map,Query,Data",
